{"cameraMode":{"drawMode":0,"name":"Shaded","section":"Shading Mode"},"sceneLighting":true,"audioPlay":false,"sceneViewState":{"showFog":true,"showMaterialUpdate":false,"showSkybox":true,"showFlares":true,"showImageEffects":true,"showParticleSystems":true},"in2DMode":false,"pivot":{"x":5.3532233238220219,"y":2.026247262954712,"z":52.498111724853519},"rotation":{"x":0.09424825757741928,"y":0.6997736096382141,"z":-0.09399129450321198,"w":0.7018661499023438},"size":7.04484748840332,"orthographic":false}