{"cameraMode":{"drawMode":0,"name":"Shaded","section":"Shading Mode"},"sceneLighting":true,"audioPlay":false,"sceneViewState":{"showFog":true,"showMaterialUpdate":true,"showSkybox":true,"showFlares":true,"showImageEffects":true,"showParticleSystems":true},"in2DMode":false,"pivot":{"x":-18.604263305664064,"y":-11.734094619750977,"z":43.317413330078128},"rotation":{"x":0.08821497112512589,"y":-0.06181207299232483,"z":0.005472262855619192,"w":0.9941667318344116},"size":23.513017654418947,"orthographic":true}