{"cameraMode":{"drawMode":0,"name":"Shaded","section":"Shading Mode"},"sceneLighting":false,"audioPlay":false,"sceneViewState":{"showFog":true,"showMaterialUpdate":false,"showSkybox":true,"showFlares":true,"showImageEffects":true,"showParticleSystems":true},"in2DMode":false,"pivot":{"x":-24.551340103149415,"y":-1.8852474689483643,"z":12.280538558959961},"rotation":{"x":-0.13458704948425294,"y":0.2917207181453705,"z":-0.04149946570396423,"w":-0.946077823638916},"size":71.3379135131836,"orthographic":false}